traveler_id,total_interactions,total_behavior_strength,avg_poi_rating,avg_poi_popularity,avg_price_level,avg_tourist_level
U0001,66,116,4.125757575757576,0.5632727272727273,2.5303030303030303,0.492030303030303
U0002,69,240,4.124347826086956,0.5651739130434783,2.420289855072464,0.5122608695652174
U0003,65,164,4.094307692307693,0.5352923076923076,2.4615384615384617,0.48227692307692305
U0004,67,265,4.092089552238806,0.5722835820895522,2.462686567164179,0.5294328358208955
U0005,61,184,4.087377049180328,0.5702295081967212,2.540983606557377,0.5450655737704918
U0006,62,256,4.055322580645162,0.5509193548387097,2.2419354838709675,0.49948387096774194
U0007,66,128,4.119090909090909,0.5911212121212122,2.1363636363636362,0.5458636363636363
U0008,80,221,4.115625,0.579325,2.375,0.560975
U0009,68,245,4.146029411764706,0.5870147058823529,2.426470588235294,0.474514705882353
U0010,72,262,4.125555555555556,0.5732777777777778,2.5416666666666665,0.5138750000000001
U0011,60,160,4.138166666666667,0.5932,2.6,0.49278333333333335
U0012,56,194,4.023214285714286,0.5477857142857142,2.517857142857143,0.6083571428571428
U0013,68,207,4.129705882352941,0.509014705882353,2.514705882352941,0.4896176470588235
U0014,72,199,4.145833333333333,0.5840277777777777,2.5833333333333335,0.5169722222222223
U0015,68,166,4.135294117647058,0.592764705882353,2.4558823529411766,0.56325
U0016,45,100,4.132222222222222,0.5947111111111111,2.3333333333333335,0.5672222222222222
U0017,74,211,4.119189189189189,0.5475,2.5675675675675675,0.5348243243243243
U0018,73,255,4.106986301369863,0.5152739726027398,2.493150684931507,0.5236986301369863
U0019,64,145,4.095625,0.604828125,2.546875,0.5578125
U0020,71,238,4.117746478873239,0.576,2.464788732394366,0.49499999999999994
U0021,76,218,4.081184210526316,0.5328157894736842,2.3947368421052633,0.5028421052631579
U0022,80,352,4.091749999999999,0.5705,2.4375,0.5663750000000001
U0023,76,248,4.120921052631579,0.6018947368421053,2.3947368421052633,0.5661578947368421
U0024,71,228,4.114929577464788,0.5533098591549296,2.380281690140845,0.4846338028169014
U0025,73,179,4.103835616438356,0.573958904109589,2.3424657534246576,0.5655205479452055
U0026,53,99,4.0318867924528305,0.5733962264150944,2.3207547169811322,0.5546981132075471
U0027,51,127,4.003333333333333,0.5114313725490196,2.2549019607843137,0.604764705882353
U0028,62,167,4.1775806451612905,0.5971935483870968,2.5161290322580645,0.49024193548387096
U0029,55,129,3.997454545454546,0.5581818181818182,2.4909090909090907,0.5418727272727273
U0030,74,214,4.130405405405405,0.5861621621621621,2.4594594594594597,0.5445135135135135
U0031,66,174,4.114696969696969,0.5352272727272728,2.5454545454545454,0.517090909090909
U0032,52,124,4.092884615384616,0.5394230769230769,2.173076923076923,0.5739423076923077
U0033,59,114,4.1635593220338984,0.5262203389830509,2.5762711864406778,0.5389152542372881
U0034,72,184,4.151805555555556,0.5400694444444444,2.625,0.500625
U0035,62,214,4.088225806451613,0.6107096774193548,2.5161290322580645,0.5565483870967742
U0036,70,232,4.037428571428571,0.5443571428571428,2.414285714285714,0.5642142857142857
U0037,77,264,4.135324675324676,0.5342597402597402,2.5844155844155843,0.5112337662337663
U0038,71,216,4.1070422535211275,0.5658450704225352,2.563380281690141,0.5301690140845071
U0039,60,195,4.106,0.518,2.45,0.5095333333333333
U0040,72,290,4.0186111111111105,0.5713472222222222,2.3472222222222223,0.5810555555555555
U0041,58,105,4.114310344827586,0.5996551724137931,2.3275862068965516,0.5446379310344828
U0042,63,224,4.131111111111111,0.576936507936508,2.3968253968253967,0.5500793650793651
U0043,72,231,4.0905555555555555,0.5425277777777777,2.361111111111111,0.4516666666666667
U0044,77,323,4.094285714285714,0.5725844155844155,2.5584415584415585,0.5393376623376623
U0045,78,260,4.077051282051282,0.5523589743589744,2.5384615384615383,0.49969230769230766
U0046,75,209,4.1142666666666665,0.5698266666666667,2.56,0.54096
U0047,79,216,4.121518987341773,0.5628227848101266,2.5063291139240507,0.4619746835443038
U0048,68,246,4.022794117647059,0.5448529411764705,2.3088235294117645,0.6098970588235294
U0049,72,285,4.099722222222223,0.5607500000000001,2.375,0.5467083333333334
U0050,74,161,4.122837837837838,0.5905,2.7162162162162162,0.530472972972973
U0051,72,216,4.139722222222222,0.5794722222222223,2.5,0.5678055555555556
U0052,65,136,4.085384615384616,0.5473076923076924,2.5076923076923077,0.506523076923077
U0053,55,94,4.17,0.5322181818181818,2.381818181818182,0.4774181818181818
U0054,61,120,4.19344262295082,0.5782295081967213,2.5245901639344264,0.5293770491803279
U0055,62,151,3.999032258064516,0.5481290322580645,2.3870967741935485,0.6087419354838709
U0056,66,139,4.083787878787879,0.5551515151515152,2.4545454545454546,0.521
U0057,65,282,4.061846153846154,0.5514769230769231,2.3692307692307693,0.6034615384615385
U0058,72,266,4.137638888888889,0.5519722222222222,2.4305555555555554,0.48701388888888886
U0059,72,202,4.1325,0.5698888888888889,2.2083333333333335,0.6045555555555555
U0060,68,243,4.135294117647058,0.5356176470588235,2.5294117647058822,0.48475
U0061,81,452,4.114074074074074,0.5515555555555556,2.54320987654321,0.4761604938271605
U0062,72,209,4.093472222222222,0.5536944444444445,2.3055555555555554,0.5822222222222222
U0063,71,178,4.125774647887324,0.5588028169014084,2.5211267605633805,0.5164084507042254
U0064,79,347,4.10493670886076,0.5771139240506329,2.6962025316455698,0.49734177215189873
U0065,65,259,4.099538461538462,0.5237076923076923,2.476923076923077,0.4823076923076923
U0066,72,222,4.107777777777778,0.5384166666666667,2.4583333333333335,0.47556944444444443
U0067,65,202,4.023846153846154,0.5282923076923076,2.353846153846154,0.5877230769230769
U0068,72,211,4.1161111111111115,0.6009305555555556,2.2916666666666665,0.5639444444444445
U0069,76,209,4.1322368421052635,0.5535657894736842,2.473684210526316,0.4795921052631579
U0070,58,139,4.0249999999999995,0.5452931034482759,2.4310344827586206,0.5932758620689654
U0071,71,266,4.118732394366197,0.5444929577464789,2.492957746478873,0.5159154929577465
U0072,72,268,4.027638888888889,0.556138888888889,2.4166666666666665,0.5830972222222222
U0073,79,249,4.081898734177215,0.5649113924050633,2.3797468354430378,0.5749367088607595
U0074,79,328,4.17379746835443,0.5597215189873418,2.392405063291139,0.49810126582278486
U0075,78,364,4.089871794871795,0.534974358974359,2.6923076923076925,0.4971666666666667
U0076,66,136,4.155454545454545,0.5399090909090909,2.6666666666666665,0.486060606060606
U0077,58,132,4.016034482758621,0.5108275862068965,2.603448275862069,0.5419827586206897
U0078,77,297,4.1131168831168825,0.541961038961039,2.6233766233766236,0.5046103896103896
U0079,57,188,4.052280701754386,0.554859649122807,2.3157894736842106,0.5949298245614035
U0080,78,304,4.115128205128205,0.5792692307692308,2.3974358974358974,0.5696923076923077
U0081,78,327,4.112307692307692,0.5353974358974359,2.7051282051282053,0.5074102564102565
U0082,73,251,4.1665753424657535,0.5186986301369864,2.5753424657534247,0.5279999999999999
U0083,65,219,4.106461538461539,0.5891076923076923,2.3230769230769233,0.5192769230769231
U0084,73,213,4.087534246575342,0.5591369863013699,2.589041095890411,0.5584520547945205
U0085,76,331,4.099342105263158,0.5458815789473684,2.4078947368421053,0.47774999999999995
U0086,68,189,4.162941176470588,0.5878970588235294,2.264705882352941,0.5544117647058824
U0087,65,162,4.047692307692308,0.5500769230769231,2.3846153846153846,0.5855076923076923
U0088,73,213,4.146575342465753,0.5653424657534247,2.26027397260274,0.5718493150684931
U0089,74,193,4.120405405405406,0.5552297297297297,2.72972972972973,0.5093783783783784
U0090,72,288,4.001388888888889,0.5585,2.361111111111111,0.5893888888888889
U0091,74,217,4.168648648648649,0.5962027027027027,2.445945945945946,0.561
U0092,64,181,4.10765625,0.57384375,2.546875,0.51740625
U0093,77,248,4.10974025974026,0.551948051948052,2.4285714285714284,0.48541558441558447
U0094,70,254,4.129714285714286,0.5771999999999999,2.5,0.5231571428571429
U0095,68,164,4.125441176470589,0.5454117647058824,2.661764705882353,0.5306029411764707
U0096,72,295,4.035416666666666,0.5467361111111111,2.4027777777777777,0.6094861111111112
U0097,75,261,4.070533333333334,0.57308,2.546666666666667,0.5433066666666666
U0098,67,145,4.168059701492537,0.5354029850746269,2.4925373134328357,0.5103432835820895
U0099,76,216,4.154868421052631,0.5553026315789474,2.460526315789474,0.48368421052631577
U0100,68,153,4.161323529411765,0.5746764705882353,2.3676470588235294,0.4686764705882353
